﻿<?xml version="1.0" encoding="utf-8"?>
<Project ToolsVersion="15.0" xmlns="http://schemas.microsoft.com/developer/msbuild/2003">
  <PropertyGroup>
    <IncludeCompositeObjects>True</IncludeCompositeObjects>
    <TargetDatabaseName>JsonTest</TargetDatabaseName>
    <DeployScriptFileName>JsonParser.sql</DeployScriptFileName>
    <TargetConnectionString>Data Source=.;Persist Security Info=True;User ID=pisoft;Pooling=False;MultipleActiveResultSets=False;Connect Timeout=60;Encrypt=False;TrustServerCertificate=True</TargetConnectionString>
    <ProfileVersionNumber>1</ProfileVersionNumber>
  </PropertyGroup>
  <ItemGroup>
    <SqlCmdVariable Include="PathToNewtonsoftJsonDLL">
      <Value>C:\Users\eitan.blumin\Documents\Visual Studio 2017\Projects\JsonParser\JsonParser\Newtonsoft.Json.dll</Value>
    </SqlCmdVariable>
  </ItemGroup>
</Project>